Reply,Code,Post
Aren’t you Indian and worship a blue demon monkey god?,1,https://x.com/NikkiHaley/status/2040770358031048834
Happy Easter!✝️🙏🏻,0,
Happy Easter to you and your family!,0,
Happy Easter to all the Christians from India ❤️.,0,
Except of course if you are black Latino Jewish Muslim or democrat,1,
Happy Easter🐣,0,
Jesus is against war and suffering! Jesus will not listen to warmongers!,1,
don't take no dirty money gir! 2028,0,
"If you wanted peace, you be pushing more to stay out of war. Fraud.",1,
And Bomb the heathens; hypocrite.,1,
Same to you Nikki! We love ❤️ you!🙏🇺🇸🙏,0,
Happy Easter to you and your family. Please wish your son also,0,
Thank You,0,
Peace?? Gaza killing innocent civilians & Children,0,
Happy Easter!,0,
😈,0,
Your president is a Mad man,1,
Is that why it is important to bomb Iran and its people back to the stone age.,1,
STFU you disgrace,1,
Happy Easter RINO!!!,3g,
Shut up you fraud,3d,
"Happy Easter to you Nikki..
More grace in abundance..

From Emmanuel",0,
Happy Easter!,0,
Go to Mandir nasty 🤢 bitch,2a,
"Amen!

Wishing all my Christian brothers and sisters a Happy Easter!",0,
FUCK YOU! YOU WORSHIP tRUMP!,1,
Happy Easter,0,
You went from Never Trumper to one of the biggest boot lickers. How do you sleep at night?,1,
Rubio/Haley 2028,0,
Nice,0,
"Happy Easter Nikki, hope it’s a good one",0,
Another lame right wing loser using Jesus to manipulate voters.,1,
Where are the Epstein Files?,0,
Did you suck Donald Trump's little mushroom pee pee?,2b,
❤️🙏,0,
Happy Easter 🙏,0,
"And all those innocent Iranian school girls who were murdered .. those were his children too so good luck explaining that on your way down to hell 
@NikkiHaley",1,
More fake Christian’s,1,
"Fuck Israel.
Epstein.",0,
Jesus never existed.,0,
"Thank you, Nikki, and wishing you those same blessings.",0,
Thanks. Shalom.,0,
Go Back To College. 🌐☑️,3f,
🙏🙏🙏,0,
Narmrita randhawa.,0,
It should be a reminder of how evil those who set currency value are.,0,
Happy Easter Ms. Haley to you and your family!,0,
After what you just said on CNN???? GO FUCK your self. What a douche. Is it for money or do you have PEDO PALS TOO???,1,
Did your God tell you that there are nuclear weapons far away and order you to kill 1 million innocent civilians?,1,
"As Americans we've recently for the first time in a long time, had the good fortune to experience 2 events that United us as a Nation

America launched astronauts in to space.

Because of who we are as a people,  our nation can do amazing achievements when we work together.   The can do spirit,  the ingenuity,  and industriousness that happens when we unite I common cause are astonishing.

We miraculously rescued one our pilots shot down in the service of our country.

The United States values life and especially the lives of our people.  We as a people, generally  care about each other.   Because of this we leave no soldier behind and go to great lengths to protect those who serve our country.

These are the qualities that truly make us great!

Let's use this momentum to refocus on what we have in common,   ...  instead of our differences

None of us are perfect,  understanding,  accepting and embracing our differences is what makes us unique in this world and makes us great.

We all have different ideas on how to solve issues and make the world a better place,  if we work together,  we will find the best ways.

United,  We Stand.  
God Bless America",0,
Funny and you support war and Israel. I am sure Jesus wouldnt love you at all,1,
"Why is Matthew 18:11 missing from newer translations of the Bible?

“For the Son of man is come to save that which was lost.”

Matthew 18:11 (KJV)",0,
"Last time I checked Iran still is bombing the fuck out of ""JESUS"" LAND"" this is fake news..",1,
🙏🏿🙏🏿🇺🇸✌️,0,
Happy Easter Jesus is no longer in the grave,0,
"“Where, O death, is your victory?
Where, O death, is your sting? The sting of death is sin, and the power of sin is the law. But thanks be to dGod! FHe gives us the victory through our Lord Jesus Christ” - 1 Corinthians 15:55–57 

Happy Easter!!",0,
🙏🙏🙏,0,
Sounds like the airline is personally invested in your patience training program… 5 for 5 is impressive. 😂✈️,0,https://x.com/NikkiHaley/status/2039125538749526313
I’ve not had any delays on my last 5 or 6 trips from Chicago-MDW on SWA.,0,
I’m 2 for 2 no problems at all.   Denver to St. Louis and back.   5 minutes in Denver and 5 seconds in St. Louis.,0,
"The worst you can imagine - then Xs that by 100.

Asked and answered.",0,
"Well, without Islam and Muslims, we would have no airport security checks. Period.",1,
You supported this by supporting the gestapo,1,
You don’t know or just bring stupid?,3f,
Is this the part where you pretend you don't fly private ? Lol,1,
"Dang I am 6 for 6 mostly on time 
But flying out of MCO, which tends to not have major issues",0,
"Flew Breeze from CHS to JFK from 3/14 to 3/18.  No TSA lines and no flight delays either way.
Flew CHS to Newark 3/24 on United.  No TSA lines and no delays.  
Flew from Stewart, NY to CHS on 3/27.  No TSA line but a 3.5 hour flight delay on Breeze.",0,
You're 5 for 5 on being a war loving AIPAC whore.,2a,
No problems flying to Florida via ATL many times,0,
Had a mechanical issue that delayed flight but everything else this year including during shutdown great.,0,
"I've had no problems at all, but haven't flow since Friday morning (IAD to AUS)",0,
"flown each of the last 6 weeks... had delays with storms, but been pretty normal for me, minus some extra TSA waits for first flights out. 

i'll let you know if that changes for my 6am tomorrow 🤦‍♂️",0,
No issues at all.,0,
Shut up you fraund,3,
Sitting on a plane now that is delayed out of O’Hare. Security has been good but I have pre check and clear.,0,
Ask Secretary of Transportation Sean Duffy why things are so screwed up since he took over!,0,
It’s been this way for years now. I fly every week.,0,
Smooth travel through MIA checkpoint for an international flight.  Only a short wait in TSA Pre line. TSA agents looked tired but did a great job and treated everyone with respect.,0,
Sitting on the runway right now.  1 hour runway delay.  RNO->LAS,0,
"It may be personal, Nimmy",,
Cleveland has been smooth.  TSA 15-30 min and flights all on time.  That’s not to say the issue isn’t there but in cle it’s been good.,0,
Good luck with that,0,
"Glad you asked and everyone answered ""Not a problem at all""
Didn't go the way you expected",1,
Go back to sleep Nikki,99,
Denver was easy,0,
Does the Republican Party have a schedule for licking the ass of Führer Trump? Or do you have a mandatory number of hours of licking the ass of a pedophile? Have you already done your quota of hours?,1,
Keep in mind weather.,0,
Good. You deserve it,1,
Maybe you shouldn’t have enabled the current situation.,1,
"Ma’am, let me know when you see the next  SMILE walking thru an airport. The entire experience is so arduous and unfriendly nowadays .",0,
It’s been shitty for quite a while,0,
You voted for that. #votebluenexttime,,
But you still support Trump. How far you have fallen.,1,
Blame your old boss Trump.,1,
Just returned from Nashville. No problem.,0,
1/4 delay but overall not bad at all,0,
Well you can blame your party for that,1,
"I'm 2 for 2, no real difference than non-shutdown times.",0,
"China’s rise is driven by massive investment, talent, and relentless innovation—not slogans. That’s why it competes at the top.",0,https://x.com/NikkiHaley/status/2047406600550322638
"When you can’t compete, ban them. When you can’t even ban them, call them stealing… let’s see how low America can descend to.",0,
"They’re also far smarter, watching the stupid war drain the American arms and know they can now take Taiwan and there’s fuck all USA can do. ( stopping the chips required at the very least for military dominance) they didn’t fire a fucking bullet ! The stupidity of this admin,  is worse than a circus, it’s a knee jerk set of mafioso grifters and the American people and whole western world are waiting it out… December he will be gone and his idiot, short-sighted sycophants, will follow ..",1,
"I just got back from there. China already has the most powerful technology edge in history.

I wish them well with it.

God knows they don't slaughter as many people around the world and around the clock as the United States does.",0,
"Blaming China is not an AI strategy.
America wins by outbuilding, out-innovating, and out-educating-not by turning every technology debate into a campaign slogan.
You and some irresponsible politicians are the real danger by helping the US forget how to lead.",0,
"If you bothered to review the literature, you would know that Chinese researchers are incredibly prolific in the AI space. I will leave the debate about stealing tech in other areas to someone else, but in AI, China is a prime player.",0,
Or you could just do like Trump is doing and cut their legs off completely.,0,
"Lady, get real! We can’t build fighter jets. They all made of 🇨🇳 made components. We cannon produce our pharmaceuticals and rely on China to supply.",0,
"China steals? That's rich coming from a country built on stolen land and stolen labor. You're not protecting tech – you're protecting your monopoly on overpriced, mediocre garbage. China out-publishes, out-invents, and out-competes you. Theft is just what losers call competition.",1,
Ya right.. ! China built the 6th generation fighter jets which the US ONLY have it on PowerPoint!!!,0,
How much in denial are you going to get?  The last us secretary of energy was a professor named Chu.  The father of the standard model of partical physics is call Yang.  The Chinese are just smarter than u.  Their despora are learning everything they get their hands on.,0,
"but, let's be honest, sometimes Israel steals it from the US and sells it to China",0,
I'm cool with it. I'm not cool with people hoarding knowledge and creating nonsense proprietary stuff that limits progress.,0,
"Victim mentality again. Hatred and campaign opportunity don't always work - especially against China. Try what US used to be good at. it is called competition and try to beat it, and offer it to ordinary people at fair price.",0,
"Would you consider banning all Chinese apps first? At least it would be a starting point. They don’t allow many U.S. apps in their country, so why can’t the U.S. do the same?",0,
"Everyone focuses on what China is stealing. 
Fewer ask why we keep making it so easy to take.  It's a system design problem, so who benefits from keeping it that way?",0,
"Lmao the American regime cannot compete without crying like an overgrown baby. Compete or fizzle out. Wait until the world stops trading with the dollar as a global currency, then y'all will see the American regime for what it truly is, a 3rd world with nukes.",0,
"You really should visit China. It's lightyears ahead of the US. The US can't even manufacture at half the pace of China. As for stealing shit, yal have been stealing land, people's lives and other nations  minerals. You don't get to talk about theft of anything😵‍💫
'",0,
"As if America invented the Jet Engine, You didn't.. You stole it as well. So stop lying..
",0,
"Research the j36 Chengdu and tell me whats so ""American "" about it.",0,
Yeah sure lady 🤡.  China stealing tech we dont even have.,3d,
"Whatever advances US think they have might be just delusional. China has more scientists & engineers than the US, or even Europe to develop & advance any technology they need. And they’re run by forward thinking leaders.
POTUS Trump is not exactly the brightest star in the sky.",0,
"Wait..
You stole gunpowder from the Chinese?
Chinese food?
You and your colleagues sent our jobs and factories to China?
STFU.",1,
"Chinese have infiltrated the US system like termites, they are everywhere, they are in Universities, Big Defence manufacturing companies, stealing every research & then labelling as their own.",0,
#China is 10 Years Ahead of #USA and does not need to steal anything. All these Anti #China #Russia #Iran fake propaganda the #American Politicians peddle to bullshit and lie to make us believe that they are protecting us against imaginary enemies created by #JewControlledMedia.,0,
Yet both parties signed off on allowing American companies to send as many jobs to China as possible. Spare me the faux outrage.,1,
"I'd be more concerned about brain drain. If the American Dream is not achievable, then our inability to attract and retain talent will be our undoing. 

Also... NATIONAL DEBT!",0,
😂…… when an Indian accusing the Chinese for being wut 😱,1,
"these are the arguements of last century. their time has long gone and they are worthless, now. investing only in finance and enjoying the exploitation was the sweetest thing and it's payback time.",0,
AI IS theft. What are you going to do about the wholesale theft of valuable IP by the tech companies?,0,
"You lot have been exploiting and taking from the rest of the world since you came into existence. You’re an empire, that’s what empires do. You just hate having to share the cake. The world now sees what you are. Genocidal, greedy beast of a country.",0,
"Oh look flaky Americans scared of competition are back. The gap that was built on the back of chinese talent is being used as hegemony against their own civilisations. The gap is filling, and the US is scared of competition. East is calling",0,
"What tech? Your most advanced chips exist because of imec and ASML, both European corporations, Intel, AMD, Nvidia, would be ZERO without Europe and Taiwan. 

And let me remind you how USA stole European and Asian tech post WWII and how it drained those regions of brainpower.",0,
"1.Chinese people can't steal what you don't have.  
2.The more American politicians accuse others, the more it reflects what they themselves are actually doing.",0,
That is so last month.  Look around lady we need to start stealing from China now.  I know it's hard for you to see outside the gilded Gates of Kiawah Island but you are out of touch.,2c,
"All American allies are meeting with China to improve trading relations; Taiwan has been to China for meetings.
Their electric car business is booming worldwide, their renewable energy is increasing sales due to the oil shortage, and half of their power comes from 
renewables.",0,
"Easy.
China's 6-gen J36 and J50 are gonna serve by 2030, where's yours?
Nvidia chips sales in China is ZERO, why? Ask Jesen Huang.
As per ASPI, China leads in 66 out of 74 high-techs.
You claim China steals your techs, while you blame you GIVE them to China, which words are true?",0,
Who allowed Chinese doctoral candidates to go to do their research on tech with dual use potential???  Who gave visas to these students to work in American tech firms???,0,
"Nikki, just like most Americans, hasn’t bothered to read any peer reviewed scientific AI technology papers. If she did, she would notice the lead scientist in about 70% of the papers are mainland Chinese dominated.",0,
"Yeah,and use our money to build America's infrastructure instead of bombing other countries would be great too.",0,
"I am glad the comments acknowledge you don't know anything about business. Sounds like it might be best for you to keep these terrible takes to yourself?

Also, you didn't actually state how you would solve anything. Fear Mongering China",1,
"bullshit distractions from Israel First Nikki Haley
Haley will never talk about
affordable housing
living wage
healthcare
because her rich donors don't want her to..
she will distract you with China bogeyman bs, however..#NikkiHaley..#MAGA..#fascism..",1,
"Look at TikTok. Sure, the United States would never ‘steal,’ as robbing is a much easier way to take another country’s technology, right?",0,
"Yap yap yap. It’s not stealing if the competitors are smart enough to reverse engineer. It’s not stealing if you shared. It’s not stealing if you asked a competitor to make it because you want to increase profits through cheap labour.
Stop crying",1,
"Glad to know you haven't lost your propaganda-driven worldview! Blind ignorance of China's lead across multiple areas is required to suggest China is stealing.

They are making better chips already. Ask for a good deal on them!",1,
"US tech is falling behind, the Chinese are beyond US now. Your fear mongering, corruption and wars is destroying real advances. Now you cry like a little bitch blaming everyone but yourselves.",2a,
Add to the list - Stop letting China acquire US land!,0,
"China has contributed so much to the world, China invented printing, gunpowder, compass, paper….. the whole world benefits from China’s invention. Nikki Haley might not use toilet paper because she is Indian 😂",1,
What China can't steal is your stupidity.,3f,
Haha! You wont even ban TikTok! Or stop them from invading!,0,
"You American still cannot build a new F-22 right isn't it, Soo before saying that we stealing your design, problem is, china successful build the aircraft and manage to fly, unlike your air force, still cannot protect American and stop the attack of 9/11. Lol 😂😆",0,
"No, dimwit. The opposite is the case. China leads the US in 68 of 74 high technology categories. You block Chinese technology because you can’t compete. Pathetic losers.",3f,
Your view only exposes your extreme ignorance beyond redemption.,1,
China dont have to steal shit they are just better at every thing were they learn kids in the usa to be a transgender in China they learn how to cook and learn how to survive usa is warnonger country a mafia state that needs to be nuke one day so the world can have real oeace,0,
"By your own logic, they're just gonna steal it away so why not sell it.",0,
"1/2
Too late to complain about that.
The West wanted cheaper manufactured goods in the 1980's so we (USA and UK for sure) relocated our manufacturing to China.
China probably did steal intellectual property back then but the West was happy to turn a blind eye",0,
"In fact the situation is worse, China steals what USA can't build tooooooooo,or in the year or 2026 China steal what USA build in 2126, this is real bad. Fuck them.",0,
"Nikki in Punjabi means small. So, Nikki, have you ever visited China? Go and visit and then share your wisdom, but then don't mix it with hatred.",0,
Historically countries have been stealing/getting inspired from each other. Nothing new here,0,
The solution is to destroy the time machine that the CeeCeePee uses to steal the IPs developed by the USA in the future. How did they stole the time machine in the first place?😂,0,
yes the problem is.. .. they are NOT buying H200 even after US want to sell to them.. so i guess you win this? we are not suppying AI chip to them..,0,
"US deep state has allowed China to steal every kind of tech in return of dollar as reserved currency.

US politicians are biggest stooges of US deep state consisted of big corporates.

All US politicians can do is use hateful instincts to garner support & put blame on others.",0,
"Nikki received millions of dollars from the military-industrial complex, she is a dangerous woman and wants to send American people to die in the potential war with China. Please be cautious!!",1,
"U should wash ur dirty face before talking ill of China.
China is a talented nation with patriotic leadership so they have excelled in technology.  
In American cities we see thousands of drug addict zombies & trash whereas on Chinese roads u can see your face due to cleanliness.",3g,
"Who do you think you are to give China anything? They build what they want. I'm no fan of China or the CCP. I'm a proud Indian, but what I said is obvious. 
It's great to want to win, but why can't you see others win? Petty!",1,
"Shut fxxking up your mouth . In the reality the us even can’t beat the Iran in the war.  Your country just only incompetent and furious. Do your country have anything that china didn’t have? The F35 fighter jets like a trash that bombed by Iran.
",1,
An it's an even bigger scandal that you sell them US debt. The interest they make goes to build up the PLA. This selling of debt to China must stop.,0,
"this person has not step foot into china/shanghai/Shenzhen.. china  was a slave house for US biz to make cheap n sell at walmart.. if copy was easy why SG, Thailand n Philippines could not? Silicon valley is made up of many Chinese scientists n engineers btw",0,
Imagine accusing someone of stealing cancer drug formulas. Drugs that save lives. The formulas should be free to the world if you have any decency. Pathetic.,1,
"The Chinese never stole - either they learned it or you sold it - Greed is yours fucking nature  but once they got it, they will stab you in the back. You deserve the stabbing and learn and weep!",1,
"Nikki, don't you realize that even the most gullible people know you are _bullshitting_?",3d,
china doesn't need to steal or buy anything from US. Chinese are way smarter than dumbass americans like you and can build invent innovate everything better faster cheaper than evil and corrupt hubristic US. so shut the fuck up you evil witch who sign bombs to kill women and kids,2a,
There are about 5.2 million people of Chinese origin live in the United States.  Does it make any sense to demonize an immigrant group?  What is your intent?,0,
Formal Request for the Restitution of Cultural Property which you stole from China to the People's Republic of China!,1,
"Stats say you're talking utter BS
Top Patent Filing Countries (2024):

China: ~1.8 million applications

United States: ~501,831 applications

Japan: ~419,132 applications

South Korea: ~295,722 applications

Germany: ~133,485",1,
"You fabricate & deceive. You do not pay attention either. China has developed it's own computer chips, it's own fighter & commercial jets, it's own AI, without US tech - it did so under endless US sanctions for these products - time to wake up & smell the coffee Sister.",3d,
"Just get their money out of our politicians’ pockets to start with and then we’ll worry about the rest…. (Seriously, the CCP owns at least a 1/3 of nation’s politicians. This is a problem.)",0,
You think America is more talented then china lol 😂 they invest in education … have you seen their robots compared to ours,0,
"The biggest IT companies in US are all producing in China !!! Apple, IBM, DELL, HP, BROADCOM, etc etc So what do you think ? US companies bring their technology to China themselves ! China dont need to steal ? Are you americans really that stupid or you just act like this ???",1,
"Bimbo, China invented Compass&  seisometer in the 1st century&paper in the 8th century. China provides 80% of household products around the globe, while you provide bluster, cluster that bankrupted USA $40T in debt& got the middle finger:Korea'53 to Ukraine'14-'26&Iran'26.",2a,
I completely agree. Please tell me how does Trump administration deal with Huang Renxun- NVIDIA CEO？He's 100% siding with the evil CCP.,0,
They are pretty smart over there in China too. We have enough corruption in our own government right now to worry about than to be calling out China.,0,
Really ? China steal J-36/J-50 from where ? Now It's you are stealing things,1,
"It may explain why USA does not have hypersonic planes, hypersonic missiles and 3 times more papers on AI published. They have gone to China, :-Q",0,
"They are completely controlling EVs…Solar, etc…their society is set for generations…unfortunately we are fucked cuz you bafoons hate progress.  Just go away already.  😂😂😂. Fucking idiots screwing us over constantly.",1,
"Brain disease, cognitive level is like infant, always full of prejudice to the outside world",99,
You are stealing resources from all over the world and also kill people for it. Stop crying.,1,
"Help them win? 
Nah, it has never been a win or lose, cooperation will bring everything greater good. 
Negativity when others succeed is bad.",0,
Nikki you must be the dumbest Desi cos the current WH occupant steals billions openly. One needs intelligence to steal IP not brute force funded by taxpayers to invade peaceful loving people of other countries,3f,
Every empire calls competition theft when its monopoly starts collapsing.,0,
"Oh, that Nimarata Nikki Randhawa from Punjab. I heard that Indian people have a built-in aversion to Chinese people, but maybe that's also just a rumor.",1,
Tortilla chips are ok to share though,0,
"It is the opposite actually. There's no such entity called Chinese Communist Party (go figure). China leads in nearly 90% of critical technology. China is inventing, creating, and innovating many things the U.S. does not have. If you're so competent why  need to worry about CN?",0,
Has anyone ever stolen nuclear secrets from the United States and then built nuclear weapons?,0,
If they are stealing everything then why are they ahead in most technology areas?,0,
"Haha, are you living in a dream? Our Chinese technology is miles ahead of yours, you idiot!",3f,
"There needs to be a thorough investigation of business leaders who demand they be allowed to export our most advanced technology to China and its allies such as those in the Middle East. Among those leaders I would include Jensen Huang, Lisa Su, Mark Zuckerberg.",0,
Since you brought it up…let’s not forget the Nazi scientists brought to the US after the war and were instrumental in developing the rockets used for American spacecraft,0,
"When China was blatantly copying/stealing everything from cars to mobile phones to advanced tech, US companies were still lining up to invest in China.
With all the leverage that China has now, its probably a bit too late to take action.",0,
"Still better than US that builds weapons for mass destruction of other countries
",0,
"The Americans has become lazy, we cannot do even a single thing for ourselves without asking foreigners to do it. We let Chinese Nationals enter our top Universities that the average US Citizen cannot afford. That’s how they’re stealing our Tech and give us the middle finger.🖕🏿",0,
"Wake up you useless politician and loser, China is ahead already. ",1,
"When I start to read your posts in your shrill, nagging voice I immediately stop because it’s too grating. But then I remember that you probably can’t read, so they’re all written by dumb millennial staffers.",3f,https://x.com/AOC/status/2039505857151488314
"I’d call you a horse but with your recent weight gain you’re a lot more like a little piggy. Oink oink, Hogasio Porkez.",3g,
But is he wrong?,0,
"We will not only be removing you from office, but no woman will ever vote again.",2a,
"Can't help but read all your tweets in the voice of a bartender who flunked economics, lied about her own background, and now cosplays as a 'working class hero' while pushing policies that flood the country with people who vote themselves your constituents' money.",3f,
Workplace safe network tv reference is millennial cringe,1,
"AOC uses childish pop culture references to mask her active participation in the demographic dissolution of America. She is a vapid, low-IQ bartender and a grotesque puppet for the destruction of our heritage. She giggles about sitcoms while the Supreme Court weighs the survival of our nation in the birthright citizenship case. Stephen Miller correctly identifies the existential threat to our children. Democrats are universal parasites who weaponize illegal migration to dilute the votes of citizens. You are a dangerous demagogue thriving on the engineered ignorance of your voters.

If you like my comments, please consider following me at 
@EternaRepublica
 where I will dismantle the left entirely without mercy.",3f,
"Attack the argument, not the person.

I could call you a sexy little retard, but that wouldn’t be a good argument.",2,
😂😂😂🔥,0,
I read your tweets in Rosie Perez’s voice from White Man Can’t Jump,99,
"you mean the smartest character on the show that said unpopular truths and actually owned land

that was the joke, the main characters were soysucking losers",0,
Slippers baby cakes slippers,99,
"I read yours and hear 
@BigBird
 voice.",1,
That's because you're retarded.,3f,
"The 14th Amendment guarantees citizenship at birth, not a tax‑collecting lottery. Even if the kids later vote, they inherit the same rights we all enjoy, not a secret treasury for the government.",0,
"Pay no attention to Temu Goebbels, he’s just spewing the Retrumplican Bullsh’t talking points🙄",0,
"""With his Teutonic heritage and background in agriculture, Dwight was, in many ways, the hero of the show."" - 
@baltic_dan",0,
"That’s because you’re emotionally stunted and like a bunch of you other half-tards, you live your life like you’re in The Office",3f,
Which one of your multiple personalities are you reading that in?,3f,
FACT: Every tweet is 100% more intense in the Dwight voice.,1,
"He and his wife are vile and inhumane.  They are jewish and speak of the holocaust that killed 6 million jews and this monster turns around and does locks up human beings in deplorable conditions, akin to concentration camps during WW2.  Miller is invested in these private prisons and will earn money torturing other human beings.  His vile wife cheers him on.  Stephen Miller's uncle wrote an article calling his nephew an Immigration hypocrite since their families were all immigrants.  They are both disgusting people with no empathy for anyone else, just greed.",0,
"You voted AGAINST deporting illegals who

-rape + kill children
-commit welfare fraud
-commit violence + rape of American women
-assault law enforcement
+ on + on

Your every vote tries to put illegals above US law like kings",1,
Noncitizens are not fully under the jurisdiction of this country. The 6th amendment? Noncitizens can’t be summoned for jury duty since they don’t have the jurisdiction. And they don’t have the jurisdiction to vote in federal elections. So how do their kids they birth here?,0,
There are many things you can't help google eyed kook!,,
Expert he’s right and you being a smart ass doesn’t  make it him any less spot on .,3a,
Except he’s not Dwight Schrute he’s Stephen Miller and holds genuine sway in our nation,0,
I can't help but reading yours in a r3tards voice,3f,
I can't help but read your tweets in the Shrek Donkey's (Eddie Murphy) voice.,1,
"The idea that a pregnant woman with allegiance to another country, can come to America illegally, then have her baby who is then eligible to be POTUS is an absolutely insane concept. 
 
American writers of the 14th Amendment never intended for someone from China to be able to come to America and have a baby that is immediately a citizen. It was strictly written for formerly enslaved people after the Civil War and has been abused ever since.",0,
You can read?,3f,
"Screw you. 
And, where is your comment on the horrific murder of a young woman who graduated from your high school by a criminal illegal immigrant?
Her name is Sheridan Gorman. 
Take that to the Office, and screw you.",1,
"She can’t counter his arguments, so we get this middle school stuff.  Pathetic.",3b/3c,
Still doesn’t mean he is wrong though,0,
Now it’s stuck in my head too.,0,
"🤣🤣🤣 that’s funny,  but I feel like it only humanizes that walking dildo.",0,
"This is Dwight Schrute slander, comparing him to Miller xD",0,
"Did you took your drug already, you are a EMBARRESTMENT TO ALL PUERTORICANS THAT WORK HARD TO BRING UP OUR CHILDRENS INTO THE AMERICAN DREAM AND YOU AND YOUR CRIMINALS  REMOCRAT FELLOWS BELIEVE THAT YA CAN CONTINUE LYING TO AMERICA STEALING OUR TAXES, YA ALMOST DESTROYED OUR COUNTRY DONT U SEE U DRUG ADDICT JUST LIKE EVERY 9 PUERTORICAN OUT OF 10 ABOCHORNATE CANTO E LOCA!",,
I do yours in Minnie Mouse; Even though that cartoon character was your intellectual superior by miles.,3f,
Dwight is a patriot,0,
"Okay, donkey…",3g,
Super. Now what about the content?,1,
I do yours in Mister Ed voice.,1,
The wall clocked your dumb ass harder than this limp-dick take ever could. #tortatime,3f,
Dwight turned out to be the most logical and based character on the show. Checks out.,0,
"🤣🤣😉
Birthright citizenship needs to go. Only benefits illegals.",0,
"As a Conservative, do you know what I love about you, AOC?

That you're never this quick-witted or good at comebacks whenever you do interviews or Town Halls. 

Social media is definitely not real life in your case.",1,
Just imagine it in his voice. He's got an awesome voice.,0,
"I read yours in an 
@aoc
 voice. Even worse.",1,
"Who are you kidding?

You can’t read…..",3f,
You sound silly!  Is it the Ketamine?,1,
You’re using campaign funds for ketamine,1,
Can’t help but realize you are a hateful excuse for a human being,1,
Are you high on Ketamine again? Maybe that’s why you’re hearing voices.,1,
You should debate him. You’re way smarter than him and it would totally go well for you!,0,
Is that from the Ketamine ?,1,
"I hear him in a Patriots voice.
You must on some kind of drug.
What could it be?",1,
And yet he is right.,0,
Filthy communist doesn’t care about inheritance because the invaders taking what they didn’t build or earn is part of their class struggle,1,
That’s fine. But you should also take in the substance because he is 100% correct. Why do you not care about American sovereignty? Do you hate us THAT MUCH?,0,
"Depth of your argument is sadly expected. 

What is it like to disappoint constituents daily at three times their median salary?",1,
Is that a side effect of the Ketamine?,1,
He's right AOC you're the proof of it!,1,
It’s funny. I always picture your words coming out of a 10 year old who doesn’t understand economics,3e,
"He’s not wrong though, I thought you socialists cared about the working class citizens?

Social programs cripple a country when non-citizens have access to taxpayer dollars. 

…. even your mentor Bernie knew that.",0,
You are a brown bioweapon,1,
I'm glad you can read ABC,3a,
I read yours in Valley Girl voice,1,
ok horseface,3g,
Shut up cankles,,
You've been getting fatter recently. Care to comment?,3g,
I read yours in Dora the explorer of she were dumb.,3f,
Can't help but read your tweets in the retarded cunt voice.,3f,
"Why do you have such an appetite for immigrants entering our country?

Especially considering how their arrival has increased costs of everything for everyone",1,
"Meanwhile - he’s right. Address what he said, or shut the fuck up.",1,
Dwight Schrute is 10x the American you could ever be,1,
Care to respond to his actual point?  Nah?,1,
Are you drunk tweeting again?,3b,
You aren’t fooling anyone with this whole “can’t help but read” bit,1,
Can’t help but read all of yours in the Selena Meyer voice,,
"Says the woman who struggles with basic economics, misstates facts on history & policy and resorts to insults & voice changes when challenged. The voice we hear when reading all her tweets is often referred to the du*b*st person in government. Proven in Munich.",3e,
Can’t help seeing a rabid horse when I see you,3g,
Like you can read.,3f,
What an odd way to say you sound out words while you read.,1,
Is this funny to you? Many American’s died early or live shitty elderly lives to give their kid’s something. (The Office was never funny) Get fucked.,1,
The most intelligent and thoughtful character in the show? I don't think this was the roast you thought it was chief,0,
Everybody look! The fat girl with the horse face made a funny!,3g,
Probably in your ketadreams.  Freak.,1,
"AOC, honey, people loved the movie Office space and they loved Dwight! So what the fuck are you trying to illustrate? Are you really that stupid? I think you are! Maybe go back to the LEARING center and find out where your degree is",3e,
"And everytime  you post anything. 

It always comes out stupid.",3e,
That would be fun while you tend bar!,3b,
"Can’t help but read all your posts (no lame ‘tweets’ since the amazing 
@elonmusk
) in a valley girl voice",,
I can't help but read your tweets in the kamala Harris voice. Cackling included.,1,
Ketamine? Are you suffering too? Humiliation on the world stage will do that. 😞,1,
That was a good one. I don’t agree with your politics but this was a good one.,0,
Too many people take advantage of the American dream too many of the people you want in our country wanna live without the government they do not belong in America which part don’t you understand what birthright citizenship means it was for slave children not for Third World illegal aliens,1,
Can't hear you over your husband's snoring.,99,
Okay chapati tits,3g,
"You are a big part of the problem women, women, women you’re too emotional to be in power",2c,
"Meanwhile, Elise Stefanik hasn't held a town hall in 6 years.",0,https://x.com/AOC/status/2031042625709527248
"AOC, are you running for the WH in 2028?",0,
How about you speak up on the two Jihadi Muslim Terrorists that tried to kill innocent and random people on a street in NYC?,1,
"Thank you for all you do AOC🙏
",0,
"Afraid to go into your District Missy? Thought you represent Bronx, Queens which have turned into *trash* because of your neglect.",3,
People are on the streets throwing bombs. I'm glad you had a beautiful day......retard.,3,
"By farm workers you meant illegals you are harboring , right?",1,
But you can’t find TSA and Homeland Security? Enjoy your apple.,1,
working people coming together is when politicians need photo ops,1,
AOC will sell working people out for power every single time.,1,
Why did you vote to hide the sexual misconduct of your co workers?,1,
"You represent queens and the Bronx, lost again?",3,
AOCIA hanging out with shady military intelligence people,1,
The squad needs to be dismantled and crushed like the tyrants they are.,99,
"APPLES??  they wanted rice and bananas 
https://facebook.com/share/r/18Fi6ZpRGY/",0,
Then Muslim terrorists tried to kill us,1,
"Yeah, take the taxes from the workers, picking apples and give illegals free money.They don't have to work for",1,
That must have been an exhausting day of stunning accomplishments 🙄,3,
"Yeah, I just think how many people you could’ve put to work in the Amazon fulfillment center. What an idiot.",3,
Go back to bartending you twit.,3,
you Couldn't Share Anything about New York you Don't Live there Anymore and your A F_cking Moron.,3,
Would you ever collab with Nick Fuentes?,0,
You are no longer the party of the working class. You are the party of the “non-working” paid for by the working class!,0,
"Hey AOC, how many illegals voted for you on your last election? I think you should be audited.",1,
"No bombs thrown today? 

That’s good",1,
Why do you care about migrants more than Americans?,1,
Seeing Bronx farmhands and upstate town halls in the same day underscores how our food system and local politics are already intertwined—policy can start at the orchard and end in the council chamber.,0,
"@grok
 What issues are produce workers and local communities in New York most concerned about right now? 🍎👷",0,
Just shut up and go away. #DEMOCRAPS,1,
that's the typical day of a bronx-queens congresswoman? ugh,3,
So springtime is apple season in New York. OK.,0,
You’re a pedophile lover get out a here,1,
You are completely irrelevant at this point. Keep up the good work.,1,
Ameriphobic,1,
Tas bien,0,
Dont call yourself a working person. You're getting rich off the real workers the tax payers.,1,
More Comrade aoc TOTAL LIBERAL BULLSH!T!!!!!!!,1,
What have you done to reverse your support of protecting sexual predators in congress?,1,
"you are joke,are you even real human,you act like a clone",1,
Please run for President ❤️,0,
"Always full of promises, but no solutions.",0,
"When did Glens Falls become part of your district?
How much time do you spend in your district?
When was your last Town Hall in your district?
Future date for a town hall in your district is?
Do you know the lyrics to Bob Dylan's tune, 
You Ain't Going Nowhere?",1,
ALL EYES ON RAFA!!!,0,
"Why don't you go to the poorer areas where you can see what your policy is doing? O, look how great we are in this rich neighborhood",0,
Not a single comment about what happened in NYC yesterday?,0,
Pat Ryan is a UC fan? Cool! Hey Alex can you post a video of you jumping up and down?,99,
"These people are in outer space. 

They want zombies who ignore what is
going on in the world so you don't notice the Democtas complicity in it.",1,
Who cares especially nobody is paying attention of you we got bigger fish to fry and meanwhile you can’t even act your age or you have a IQ keep playing silly donkey,3,
AOC supports the terror attack in NY last weekend.,1,
We don’t like you,1,
Was that before or after the Islamic Jihadist attack in NYC?,1,
"2 politicians equal working people? fuck me running. I don't have months of vacation, multi rich from secret sources, lifetime pension, and hundreds of staffers working for me. how about a ham sammich, sweetheart?",3,
Wow. You are so phoney.,3,
So he's like your boyfriend now? What a slut.,2,
Which animal are you ?,3,
You should've went down and joined the terr0rists,1,
Good thing you avoided Muslims throwing bombs.   New York is turning into a wonderful place.,1,
Did you serve them drinks?  You know… the only thing you are qualified to do.,3,
Translation: BEND OVER,3,
Not a peep out of you attention whores about the Iranian female soccer players who will probably face persecution when they go back home from Australia 🖕,2,
AOC always a joke,1,
Funny,1,
While Muslims throw bombs at crowds of Americans and nypd. Muslims will muslim.,1,
"Ok, barkeep",3,
"Is this your district, you represent these folks? Or were you looking for some softball prepared questions to answer while you bask in the adoration you apparently thrive on? People are catching on to your grift.",3,
Any word on islamists throwing bombs in NYC?  Of course not!,1,
"you don’t talk about the prostitution deals being done on every corner in the Bronx you don’t talk about the prostitutes hanging out on every corner, making deals with John’s spreading their disease everywhere do you? You don’t talk about the drugs & the homeless people either",1,
"Schmoooozing & naaaying & sneeeezing & wheeeeezing & whoooozing. 
As usual.",3,
The power of the working people can conquer anything! 💪,0,
What does working people have to do with you?,0,
You said it. Middle class has to suffer harder this shut down so they hate Trump. TSA not getting paid most who live in your district during a war with Iran. Great job you POS.,1,
Mmm you should reach out to Thomas Massie about releasing more Epstein files and coauthoring legislation to force the CIA and State Dept to drop their documents too.,1,
"Hey, please run for president. I know you may not be ready, and I get it. I do. But you are exactly who we need in the White House right now. You are the only clean presidential candidate according to Track AIPAC, and you’ll be bold enough to clean up our Supreme Court, give us better healthcare, tax the wealthy what they deserve, and stop funding weapons for Israel. 

The only way to stop more Trumps is by making peoples’ lives significantly better. You’re the only one bold enough to get it done. We need you! Please run. Give us a chance and we will all rally and campaign for you like our lives depend on it. 

Give us maternity leave, give us a public option for healthcare or Medicare for all. Clean up our air and water! Fight climate change. You are the hero we need",0,
Sandy is not very bright folks,99,
"Welcome to Kingston, happy to have you.",0,
You are clueless.  Shut up,3,
A beautiful day as terrorist are throwing bombs in your city. You pathetic socialist.,1,
YEAHHHH AFFORDABLE HOUSINGGGGGG HIGHER QUALITY OF LIFE,0,
so what.  please pass a voter ID law.  And make me a Margarita.  Thanks,3,
HOW ABOUT ADDRESSING THE CORRUPTION HAPPENING IN THE WORKERS COMPENSATION SYSTEM IN NEW YORK??????? CAN AMERICAN CITIZENS GET HELP ALSO???,1,
Nobody cares you horsetooth jackass,3,
apples ??  you made AMAZON duck out .. you dumb  twat,2,
Crime up 50% in ur constituency,1,
Did you dodge any IED’s tossed around by Islamic terrorist?,1,
You’re an 8. Small/Curly,3,
WITH SECURITY OF COURSE-SOOO BEAUTIFUL,99,
"Wow what is this,an elementary school campaign?",1,
So no bomb throwing Muslim on your path? How nice for you.,1,
Your an idiot Alexandria!,3,
Nokia2780,0,
"@AOC
 WHY can’t you start articles of impeachment?!  What are y’all doing other than checks and balances on Trump???",0,
👍👍,0,
"The world burns, a maniac is in power, and you're looking at apples and talking. Why is it that no one in your country can stop the madman? The world is watching. We've gone from laughter to anger as your House does nothing. Talk doesn't stop dictators; actions do. Do something.",0,
the donkey has spoken.,3,
What a load of BS - you’re a partisan pig - STFU and fund DHS before more Americans die at the hands of your terrorist friends!,1,
It’s all about the photo op!,99,
Tas bien fea Alexandria,3,
"No muslims threw bombs at you, did they?",1,
Two losers with big mouths,1,
Looks like an Islamic supremacy stunt.,1,
"Looks like a day full of energy and connection! 🍏 From the Bronx to Kingston and Glens Falls, it really shows the power of working people coming together. Inspiring to see local communities and workers highlighted like this!",0,
face card tea asf!,0,https://x.com/iamcardib/status/2041161974067675256
You so fine bardi 😍,0,
"Face card 😍
",0,
Cute Cardi ❤️,0,
I’m Pretty and I’m petty AF 😘😘,0,
Ms. Almanzar if ya nasty.,0,
What's your rate and Cashapp tag?,0,
My Queen!!!!!!!!,0,
Cardiiii offset good now?,0,
So so beautiful 😍,0,
You look so good makes me forget about all the other shit,0,
A gorgeous hun,0,
Queen,0,
"Photo Shoot Time 

The Walking Billboard 

@JaeMetaX",0,
🥹,0,
💞,0,
Looking good,0,
the wife ✨,0,
So beautiful 😍😍😍,0,
￼😍😍😍,0,
Remove the head and you would go from a 2 to a 7,3g,
"Belcalis (Cardi B) is proof that staying real, confident, and unapologetically yourself is the reall powerr 🖤🔥",0,
Boobs so clean 🫧,,
These bitches copy my flow but can’t copy my glow✨,0,
what a WOMAN. we love you so bad mama !! 🖤🖤,0,
"What. A. Loser. 😂😂😂 Ass falling off the bone from a bad BBL, having a kid with a dude that didn’t want her. You are a disgrace and you need to close your legs.",2b,
fineeee shittt🥵😍,0,
Beautiful 😍,0,
Why so fine Cardi. Why why,0,
Mother 😍,0,
Is that your name,0,
YOU ARE SO BEAUTIFUL,0,
Doll 😍,0,
On my knees ma’am😩,0,
"Is she even that fine 
The hype wey una Dey give her for this app eeh 
She is cosmetic beauty not natural.",3g,
You shouldn't have let this picture out here 😔,0,
"Hey 
@grok
 find my picture on profile and put me next to cardiii",0,
Sexy lady,0,
A gorgeous  queen both within and without 💖,0,
Queen energy always 👑🔥,0,
i will pass,1,
Queen ❤️❤️,0,
"You look so beautiful 

What’s the secret?",0,
You look adorable. Have you paid your ex husband 50% of your net worth yet? Time is running Queen.,99,
very MAYHEM 🖤,0,
Have you been eating healthy? 🤧,99,
Queen of America,0,
You look more pretty when you don't use make up Cardi. Text me,1,
Oooooof 😮‍💨🔥,0,
"glamorous, voluminous black hair, wearing a fitted black outfit with a deep neckline. The lighting is soft and dramatic against a dark backdrop, giving it a polished, high fashion look. Her makeup is bold defined eyes, sculpted brows, and a glossy nude lip. Very red carpet aesthetic. Cardi B always different😍",0,
Picture of the day,0,
mugcalis 😍😍,0,
😍😍😍😍😍,0,
She fell off,1,
"The ultimate HOE trash. 

You could probably say an INCREDIBLE role model for young Americans too, right?……..🤡🤡🤡

Nothing but ghetto fcking TRASH.",2a,
❤️😳the most beautiful thing my eyes can see,0,
Is that your new album name? Selftitled,0,
Ohhh Cardi😋🤏🏾,0,
The queen looks good ❤️,0,
Oh my days 😍😍😍😍😍😍🔥,0,
The ONLY bitch i love 😩😩😩🔥🔥🔥🔥🔥,0,
Queen looks absolutely stunning as always!,0,
Really nice look,0,
Living example of Love is Blind,,
You look goooood baby,0,
❤️,0,
Pretty and pretty 🤩,0,
Barbie dull ❤️,0,
Why this look AI how your arms get so thin,3e,
"The queen, Royal highness 😍",0,
Hello 👋,0,
Fine shit,0,
"You’re so pretty 🥰🤩
Forever young",0,
Cardib looking beautiful as ever,0,
How beautiful the domi is 🇩🇴❤️,0,
Craaaaawayyyyyy,99,
Bodega Baddie🩵,0,
Is this real??,,
Hello Cardi🥰,0,
Cardi baby😍,0,
👁️want you 🫵🏾🥰,,
i get why offset wants her back,0,
Bardi B,0,
Ugh I love her 🖤,0,
You should have said I should wear you this dress 👗,0,
"@grok
 change her dress to a purple Short gown",0,
Beautiful,0,
Looking stunning 😍,0,
That's your name sweetie?,3c,
Cardi B is fine but classless.,3d,
Always looking young,0,
The most beautiful woman celebrity,0,
Card b 🫡❤️,0,
Queen Cardi,0,
That face card is lethal. You always serve when you go for the clean glam.,0,
"I knew it wasn’t Cardi B, had to be Belcalis",0,
Now this is clean,0,
Taken off the bbl yet?,,
"we will drag these people later, do you big one tonight babe! You worked too hard to let these people ruin your night ❤️ we love you",0,https://x.com/iamcardib/status/2045655033719468089
You called a child slow... That's how you want to be treated btch. Don't worry your Karma will be so loud and I will be say for it,2a,
"CARDI ATE AND LEFT NO CRUMBS 🔥 this power & respect wisdom is MOGGING every fake celeb rant frfr!! Aura maxed tf out, BARDI GANG locked in & ready for Atlanta rn no cap — 2026 finna be the cultural reset we NEEDED, mother is MOTHERING with the real talk on a whole new level 🥹💖 W of the century Cardi!!",0,
Nicki Minaj could never call the shots like this oh cardi ur really that girl,0,
"🤎🤎🤎 Turn it tf up tonight 😘 congratulations 🎈🎊🍾🎉 you did it, I’m so glad i got to see you hit the stage 🙃👏🏾 LOVE YOU CARDI ! KEEP BEING A BOSS ASS BIHHHH💯",0,
"I love this, Cardi B I just saw you in concert. I have to applaud you on your performance. Amazing in concert!",0,
"See this btch... The be getting in ya head. Just soon enough your real colours will be out in the open, keep cosplaying for them mfs
",2a,
Girl we all know because the last show didn’t sell out that’s why u not performing,,
Who wrote this? 🤣🤣🤣 We know it wasn’t you!,3b ,
The devil is busy tonight! Keep your head on a swivel queen! Don’t let the devil win!,0,
"Cardi B is always crying about respect while she disrespects everyone—especially law enforcement and this country. Sad! Maybe the arena staff was just tired of the drama. Get over it and focus on your show, Cardi. MAGA!",3d,
You never truly know a person until they're in a position of power and authority,0,
"They knew to apologize & did it REAL QUICK, don’t play with the brim .",99,
"That sounds noble and all, but everything you just said, you do the exact opposite. It’s not about speaking wisdom; it’s about living it.",1,
"Preach kindness when you have power? The same Cardi who throws mics at fans, curses out her own crew on stage, and lets her team rough up people for autographs? Practice what you preach
",1,
YES MOTHER DONT LET THEM FUCK UP YOUR MOMENTUM,0,
you want respect so bad but you called a 5 year old a pedophile non verbal spread lies daily aren’t you tired? bitch stfu nobody takes you seriously you are a joke!!! ijbol demanding respect bitch please,2a,
But you disrespects everyone? Why you always playing victim?,1,
"Sweetie, you might be pretending in front of the world, but we see u, we peep u as u are trying hard to bring another human down so bad & has terribly failed though, u here preaching morals, masking ur real u, fooling dumbass people like u, I won’t say anything further…………….",3b,
"Most of the time those people don’t know the real meaning of being in a position of power and authority or they are just not kind, being in power and authority will not change that, it will in fact amplify it.",0,
Real talk. Power means nothing if you lose people’s respect. Atlanta’s gonna feel this energy.🫡🫡,0,
If it’s was Nicki they will call her all types of name now it’s cardi you guys are praising her . Hypocrite,1,
"Send TNHT a cease and desist, they need you more than you ever needed them. Any tour content that they posted, mfs can spend a narrative with it. But not once did they post any artist that you brought out, giving them their flowers and moment. Fck them and send those papers.",0,
"Sorry y’all

I feel like Trump needs to hear this too",0,
"Treat others like you demand to be treated? Bullshit. This is just a power-tripping narcissist pretending to be wise. Nobody’s buying your fake humility, especially not after that passive-aggressive threat. Stay mad",1,
Never afraid to speak facts we love u u a real one,0,
Rightly said. Most people think they gon be in that power and position forever.,0,
Kill them with kindness Cardi B. I’m sorry for my viral comment about u pinned on my X account.  I didn’t mean to throw u under the bus. I know deep down you’re a good human being. Much love 🫶,0,
"This how did not write this. She can't spell or read, and I doubt she really understands what any of this means.",3f,
Not letting them stop shit! Get it right Venue and get your people right!,0,
"Power should always come with kindness, never arrogance.  
Atlanta better treat you right tonight, Queen we got your back! 🔥",0,
"Whoever disrespected Cardi ,has to deal with Bardigang 😤😤,",0,
Girl stfu and be direct atp. You not ANY better. Dweeb all that sneaking and snaking gone have you worse off. 💋-LEX,2c,
"Cardi dropping wisdom like she ain’t the same queen who once said ‘I like it like that’ while throwing shoes at her own sister 😂 Power with kindness? Ma’am, your Atlanta show tickets already sold out faster than my data bundle during a gossip session. We hear you tho, be nice or the hood will drag you in 4K 🥴",1,
Ok but you started your live just to do show that. Just make you unprofessional handle it like an adult. Everything is not for the gram. You are not a teenager now. You are 33.,1,
Sis turned to a motivational speaker now. Funny 😂😂😂😂,0,
Ken Barbie her social media manger wrote this!!!! Not this stripper bitch,2a,
U are the least person to say that out loud!!!! Please keep it quiet !!! So loud and messy!!!,1,
Yo ass did KNOT write this I’m ctfu😭😭💀,3b,
"Use power responsibly, lead with respect, but don’t confuse kindness with weakness. The goal isn’t just to be liked, it’s to be fair, consistent, and effective.",0,
Aht Aht. That ain’t nothing but the Devil. And we don’t let the Devil win around here. You been on cloud 9 this whole tour. You been getting so much love. Don’t let nobody take this moment away from you. Go out with a bang. You got this Cardi.,0,
Preaching queen energy on full display Cardi don't play,0,
"Power corrupts, absolute power corrupts absolutely.

Don’t let it get to you",0,
"Who wrote this, this time because bitch we know your illiterate ass didn’t 😂😂😂😂",3b,
"Girl If you don’t hurry up
Do you know how much effort it takes to drive an ATL for us to all get here on time? We’ve literally been here since 730 and you’re still not on stage this is unacceptable.",,
Girl what happened??? Do we need to jump some bitches?,0,
"""Upon this a question arises: whether it be better to be loved than feared or feared than loved? One should wish to be both, but, because it is difficult to unite them in one person, it is much safer to be feared than loved...”",0,
Just look at what happened to Ellen DeGeneres when she abuses her power. Just look at P Diddy... Money and power change people into monsters if they forget kindness and respect.,0,
Idk how she try to preach but was fucking Niggas To get “get back”,1,
I’m outside I just need to know the person or show me a face … something !!!,0,
Who’s this shade for Cardi? Your baby daddy or the president?,1,
"Atlanta said they standing on business about pussy ass 
@Latto
 😂",1,
U talking about kindness and respect 🤣🤣🤣 barney B r u even serious typing this😂😂😂,1,
Sending virtual hugs! We are so damn proud of you! End tonight with a bang! - Auntie Shika ❤️👠,0,
"Power doesn’t prove who you are , how you treat people when you have it does. Respect isn’t demanded from authority, it’s earned through restraint.",0,
This is the lesson I'm trying to teach my first baby when relating with her little sister. Don't cheat her because she can not talk yet😭,0,
"You did the right thing standing up for your crew in your team. Savannah convention center isn’t any better? They were so rude to kids that were doing dance competitions when they pay a lot of money to put those on and they pay that staff. So with as much money as you pay them and using that arena, you have every right to be upset.",0,
"Stop posting shit that someone else wrote for you. You did exactly what this post said you shouldn’t do, plus more. So now that the Outta Spite Tour is over, you can take your dumb ass back to school to re-enter second grade.",3b,
So you demand to be drugged and robbed? Thrown shoes at? Hired men to beat you up? Okay got it. Bum.,2d,
"This is gonna go over so many people’s heads because it’s literally filled with air. Receive the message, fck who the messenger is!",0,
Hurry up girl. We been here for an hour waiting for you boo,0,
"People really wanted to screenshot this tweet and use it as a motivation. But that ""Atalanta.... I'll see you soon"". Couldn't make them.😢",0,
A person's silence can become a absence of themselves and removal of you in their life,0,
"Last show babe, you got this...the devil been a lie",0,
That’s why you should’ve made your hometown NYC your best and last shows instead of Atlanta!!!!,0,
You absolutely correct motha do onto others what you want done onto you. Know matter your status.. now let’s go out with a BANG! ‼️,0,
This joker too chuk mouth for Nigeria matter that time...yeyebrity🤣🤣🤣,1,
Did you like rob and drug Rich men? Cardi has zero room to talk on this subject🤣🤣,1,
You mean like how you did Tasha K? Maybe you should talk to the (wo)man in the mirror. 🪞,1,
So basically we not getting a concert,0,
cardi you are a true professional ❤️ have an amazing last show,0,
💯 and you’re doing so amazing!! Give it all you got for your last show tonight!! Love you. 💕🥰,0,
"You are very sensible unlike 
@NICKIMINAJ
 
God bless you more",0,
You have treated people like shit. I will will not endure this in silence,1,
Funny how everyone talks “kindness with power” until they actually get the power… then the tone changes real quick. 👀,0,
Like throwing the mic from the stage at a fan ? Like that kinda power? Lol,1,
Kindness and respect? Never abuse it? Didn’t you have MEN throw bottles at strippers because they were sleeping with Offset. Even though you were a stripper yourself. Where was this logic then? Girl you are in no position to be telling anyone anything. Smh!,1,
Power and authority over who?😆,1,
"The fact that this dumb bitches fans actually think she said something of importance should tell you why they were determined to have the lowest IQ 🤣🤣🤣🤣 fuck 
@iamcardib",2a,
i love you can’t wait to see you,0,
"ending this tour with a bang, iktr. 💥❤️",0,
exactly hunnie :),0,
The Queen has spoken !,0,
"That’s terrible. 

You’ll be doing stadiums soon anyway.",0,
Power only means something when it’s handled with restraint. Respect goes further than authority ever will—and arrogance usually meets its match eventually. Safe travels to Atlanta.,0,
Rest cardi,0,
Would 50k be enough for me to take a picture with the book signed by president Carter? As a historian that moment was priceless when Amy gifted you that piece of treasure.,0,
"This explains sensitive humanity fr, be kind when it matters fr no matter your stand",0,
"It seems like you have a trip or an important project on the horizon in Atlanta. With that mindset of respect and reciprocity, you're sure to leave a positive mark there.",0,
Nicki Minaj is better rapper than you,1,
"Girl, we don’t care get your fat ass on stage!",3a,
"Learn to manage stress, because a calm mind makes better decisions in difficult situations.",0,
"Another ""tough guy"" monologue that will probably end in a boring PR statement.",1,
Stfu ugly roach,3g,
"Real talk
Don’t let power and position control you",0,
They better stop playing with the mf Brimcess. We don’t play that!!,0,
"That is what makes real power stand out, not how loud it is, but how well it is carried. 
Respect lasts longer than intimidation ever will.",0,
Not the mother of monkeys and roaches talking about kindness and respect gguess who is a pussy ass?,,
"We ❤️ 
@NICKIMINAJ",0,
"Power shows its true value when it’s guided by humility. Respect isn’t demanded it’s earned through how you treat people when you have the upper hand. The energy you give is the legacy you leave. Atlanta, I’m on the way.",0,
what about the uk tho sis,0,
Ooooo get her!,0,
somebody must’ve done those tats in the prison yard,0,https://x.com/theestallion/status/2045227312589770759
Pls never get that many tattoos ,3,
girl you need me or sum?,0,
"no but i saw a clip & i’m on my way! 🏃🏾‍♀️🏃🏾‍♀️",0,
"You got all the women thirsting😂😂 and rightfully so😍😍 you were so good in the movie, Louise and Devon need a spinoff",0,
Girl stop editing your pics you don’t look like this fr😭,3,
as soon as it was available i was watching 😍,0,
Look like you finna shoot another man in the foot,1,
I didn’t know it was out! FLYYYYING TO NETFLIX NOW!!! #LoveuMeg,0,
No we’re busy streaming Beauty and A Beat,1,
I guessed that it must be soft porn so I am still resisting,0,
I haven't watched it yet but I sure will,0,
Studgan ok I will re-up my netflix for you,0,
Yes! Lol,0,
face card neva declines,0,
LOOKIN SO ALT W THEM TATTTTTTS GIIIIRL 🥰😍,0,
Megan Thee Stud?!?,0,
of course! wasn’t even planning to watch until i found out u were in it sista,0,
"I’ve not, is the movie really interesting",0,
sure did loved seeing you in it!,0,
As soon as I get off work ? Got to watch my girl 🔥,0,
"Yes, Louise!! I stayed up late and watched it... I loved it, it was such a fun/funny movie!! I was yelling a few times at the screen telling Devon to whoop Celeste's ass lol",0,
"um, YES. now tell us how you snuck that gloss in 🤭",0,
nobody wants to watch that zionist nepo-baby slop,1,
adam sandler a zionist so no! but i’ll 🏴‍☠️just for you 💋,0,
looking more manlier than ever ,2,
I just started it! I love the knuckle tat,0,
"Megan why are you spoiling your beautiful skin with tattoos even on your neck too? 
It’s doesn’t make you look good",3,
Watching now girl,0,
You finally got that tattoo I know you’ve always dream of some baby 🤣🤣🤣,0,
"If i knew you would be in it i would burn my eyes before watching it ,gonna begin research everytime i wanna watch something to keep your freak ass lying big horse feet away from this eyes, ewwww ,",3,
YESSS! I SCREAMED when you appeared! 🤎,0,
oooouuu megannnnnn😅,0,
Since I don't get to see you on Broadway... this will do😭😭😭,0,
how about you make me watch it ?🫦.,0,
Nah we watching season 2 of BEEF,0,
Didn’t know it was official out but ima check it out this weekend. 🤎,0,
Don't get any ideas with these fake tattoos. Do not mess your body up.,3,
Omg I’m on my way😭,0,
Chopped asf 😭😭 go to da stables ma,3,
"""Not you serving full stud in jail glam🔥🔥""",0,
"Not yet babe! But will give it a watch if you got a role or recommending it💖😉 look kinda cute to💗😏💌✨Xx
",0,
Yes immediately when I found out you're in it,0,
Have you watched your weight yet?,3,
no you looked a fucking mess in the trailer,3,
"Whoever told you neck tatoo was cute lied to you

Take it out",3,
"What's with the 'I think im pregnant pose""? Klay bussin in it. Hmmmmm? 🤔🧐
",2,
girl when you get a neck tattoo,0,
UR SO STUNNINGGGG LET ME WATCH RN QUEEN,0,
Love how you fine either way 😍,0,
"i wasn’t familiar with your game, text me please",0,
i’m barking btw,0,
#NEEDDAT,0,
and did!!!! we love Louise,0,
Me when I put on a oversized shirt #studette,99,
Top me ☺️,0,
So when will you get lesbian roles 🧍🏾‍♀️🧍🏾‍♀️,0,
Can I be your cell mate? ❤️,0,
Megan when are you coming back with new music 🎵🎶🎵,0,
She is the real bad b!tch 😮‍💨😮‍💨😮‍💨🔥🔥🔥🤤,0,
I just finished !!! 🫶🏾,0,
Megan you got me feeling hot 🫦,0,
Ofc 🙂‍↕️,0,
Ain’t nobody got time for Bigfoot rn my bitch just got jumped,0,
"Noo, not yet
I’ll watch it this weekend",0,
Hii,0,
Does e available on YouTube,0,
"MEGANNN😩😩😩 that man is a fucking loser and you are an amazing baddie you didn't deserve this
",0,
Not yet but wtf 😍😍🫠,0,
"You so find😍 I won’t you❤️
",99,
fuckkkk fuck fuck fuck,99,
"WE LOVE YOU QUEEN, WE’RE HERE FOR YOU ALWAYS!!!",0,
In Studgan I trust,0,
Wait,99,
"Girl not now, Ice spice getting beat on",0,
"Have y'all watched it yet? Yeah... that's why the views still low. Louise carried the 5 minutes she was in it, the rest was mid  Next time give her the whole movie, not a cameo appetizer.",0,
"You the real MVP of that show, no notes.",0,
"I am waiting to watch it together with you 😒",0,
LEGEND!,0,
your fall off needs to be studied,1,
"The best female rapper to ever exist!",0,
We love you Meg!!!!!,0,
Very interesting movie to watch🥰,0,
Cmon studddd 😭,99,
no bc I don’t support your projects,1,
Yes 👏🏻 it was ……….,0,
Let me marry you. Xoxo,0,
she’s hot!,0,
Megan you have great comedic timing👑👑👑👑,0,
You wanna be hood so bad,1,
you need me soooo bad meg omg,0,
girl where’s act iii?,0,
I want you now,0,
Studgan 🤣😍😍,0,
Stud meg lmao,0,
a face,99,
🫶🏾,0,
Listen??? You're amazing!!!,0,
"Does ""yall"" include cowboys that like westerns?",99,
YES WE HAVE BABY,0,
Wha? 🤤 Mmmmm,0,
"it’s so fun being a fan of you, our broadway princess",0,https://x.com/theestallion/status/2038297584096186868
😍😍,0,
I LOVE YOU!!!!,0,
OH MEGANNN,0,
hi my pretty girl,0,
cutieeeeee,0,
Beauty,0,
Gagged the city 👑🍎 😍🔥,0,
The B.A.D.D.E.S.T 😍,0,
BEEN WAITING FOR THESE PHOTOS,0,
queenie 😍,0,
"You killed it on Broadway Queen! 🔥  
Zidler never looked this hot. Keep shining! ✨",0,
I need her to start selling videos for confidence because I admire hers so much. She is so stunning.,0,
MOMMY,0,
"MEGANNNNNN GET UPP🙁😢😢😢😢😢
",99,
The lips 👄 y'all 🥵,0,
"Thank youuuuu 😍😍😍",0,
"See you in 48 days Meg!!!! #MeganOnBroadway🎩",0,
looks are served everytime omfg,0,
"Omg she looks so good!! that third picture 😝😝",0,
Mbbyyy how are you 😭??,0,
❤️,0,
😍😍😍,0,
MOTHER ARE U OKAY??,0,
U look fab girlie,0,
I can't wait to see you on May 15th!!,0,
Megan we love you!!!! Hope you get to feeling better. Shake back baby!!!!🥺🩷,0,
😻😻😻😻😻😻,0,
we hope you’re ok 🙏🏾,0,
"I’m so loving Broadway Meg",0,
Hotties did Megan stage door for the matinee or only her evening shows?!,0,
So beautiful,0,
Say free Tory no matter how much hurt and don’t act like you never had his stick in,"2, 3",
Hi,0,
Where is your hot klap ?,0,
This outfit is so tea,0,
Queen ❄️🩵,0,
Slightly jealous of that fan in the bottom left corner of your last picture because I’d be smiling hard as hell toooooooo 🥹🌹,0,
Beautiful,0,
Bigfoot you look a mess.,3,
"Ouchhhhh
The outfit, looks, every damn slide 🔥",0,
My beautiful queen,0,
LOVE YOU BEAUTIFUL QUEEN,0,
"The red lip is nastyyyyy 😍😍😍🫩",0,
nyc loves u so much 🥹,0,
"@grok
 why is she dressed like that",3,
"How many layers of make-up 😭
",3,
🔥🔥🔥🔥🔥,0,
Insane  REAL MFKIN HOT GIRL SHT,0,
Lookin trans,"2, 3",
She is the only one who wears fur with  this type of attire with her hair one sided .she be on her own shit... that's exactly why I'm  a fan,0,
Obsessed with the blood red lip🩸,0,
Princess of the world,0,
THAT GIRL!! 🤏🏾🤏🏾Already loving this Broadway star era!,0,
😍😍😍😍,0,
Elite Closet 😭❤️,0,
Cute fit,0,
NYC been gagging,0,
THE JOTARO HAT AND THE TRISH SHIRT YES GOD MEG YOU ARE A JOJO REFERENCE,0,
you really are a star! ⭐️ i’m so proud of you sista 🥹💖,0,
"This is SOOOOO cunty!!! You are STUNNING!!🫶🏼💕
",0,
You look gorgeous Meg,0,
"Movie star status iktr",0,
Thee hottest female rapper,0,
"megan york CITYYYYYYYY MY BEAUTIFUL BOOKIE IM SO PROUD OF YOUUUU CANT WAIT TO SEE YOU SOON",0,
@HussleandLo,0,
YESSS MAMASSS,0,
"Hello 
Message me directly and say bless me",0,
"I LOVE YOU MEGGGGGGG",0,
😻😻,0,
🥰,0,
🖤👉🍆,2,
H Town hottie 🔥,0,
Big mamaaa,0,
Beauty,0,
Real Hot Girl Shit ❤️❤️,0,
Mid whore,"2, 3",
omg yes ma’am,0,
🥰,0,
Queen of rap,0,
What's this for?,0,
Respect the journey.,0,
loving  the argyle top you pull off so many different styles,0,
OMG,0,
Damn those make ups could take hours,0,
My love,0,
🔥🔥,0,
TOO FLYYYY🤩🤩🖤,0,
🥰,0,
Wow,0,
Motherr,0,
Pretty TINA,0,
Uh oh here comes Tina Snow,99,
"👑👑",0,
Nice 😊,0,
Stunning and looking gorgeous,0,
Absolute beauty hotter than sun heat,0,
"Meggggg

Why she looking so tall???",0,
Tina,0,
Two pretty best friends,0,
Looking so beautiful ❤️,0,https://x.com/Valkyrae/status/2047387736387297676
Which ex? The dog zapper?,0,
And why you had the need to tell the world your ex DMs you? His dm was probably the most normal average dm,1,
"A text from one that put you into therapy, and one that got you out.",0,
The world is feeding you great podcast topics 🤭,0,
therapist needed their job back and found the perfect partner in crime,0,
Therapist finally accepted the cheque. They are plotting on you,0,
"Is it just me that is bored about her & the ex stories. The amount of time she tells the world about her ""ex"" is just crazy. Seems like ur the one who hasn't moved on

You bring ur pvt life on the net for everyone to comment & when ppl gossip, omg it's so tuff being a streamer",1,
Surely that means you’ll stream CS today to Mae it a good day right?!,0,
"My math is wrong but 

1 in 1,918,440,00",99,
"Probably a coincidence but imagine if they're working together. Your therapist remembered you're loaded and have an ex that could do enough damage to get you back in their office.",0,
Maybe they just want to re-end on good terms Rae.,0,
dunno but im sure if its connected they know your on to them now,0,
Sounds like you need to change your number lol,0,
They must have seen that your playing tft.. and see it as cry for help... LOL,0,
isn’t dating hassan piker a worse omen?,1,
"new dlc coming up, i guess",0,
They saw your master baker and were like hmmmm was like I miss this.. therapist was like oo trauma paycheck ovs,0,
the therapist clearly sensed ur ex reached out and said Oh Hell Not Again,0,
Are they straight and opposite sex of each other? They could be VERY familiar with each other.,0,
Having therapist reach out to you is weird unless it has to do with records or some other professional means,0,
"Dousing rods connected, don't dig under that 😂",0,
And a Therapist?! xD WTF Never have I ever heard that.,0,
god is testing you to see if you learned a lesson from the last 5 years or if you're still the same person,0,
They saw the pic of you serving cake at Master Baker,0,
"My whole 2026 has been one big bad omen, I feel ya on this. =*(",0,
"Your therapist felt a disturbance in the force",0,
It’s okay Valkyrie I’m sure Kratos and Atreus aren’t trying to fight you again,0,
Maybe the ex is talking to the shrink now is why lol 😆,0,
This girl loves telling the world any sort of drama that comes her way.,3b,
"An ex and a therapist?! What a combo, id imagine its master baker related? Lol",0,
🤣 I think your therapist is a Jedi... they felt a disturbance in the force... 😅,0,
Create a group chat. Introduce them both to each other. Leave the group chat. Problem solved,,
imagine hitting up your ex and she makes a public tweet about you 😂😂😂,1,
He was going to the therapist and mentioned you and then they plotted to ruin your day together,0,
It seems that your old therapist has a very good sixth sense,0,
That's happened to me 🤣  I ignored the ex and spoke to the therapist about it like what!! WHY NOW?!,0,
"5 years of peace destroyed in 60 minutes. Your Guardian Angel and your Sleep Paralysis Demon clearly just started a podcast together and you are the first topic.",0,
is the mercury in the gatorade bc what is that timing,0,
oh i hate that..saw someone else comment this but put them in contact with each other😂,0,
That Therapist has amazing intuition 😂,0,
Leave them both on read.,0,
":: In either case, let's hope you learned something since the last time 😅",0,
I could understand the ex's timing but the therapist is just wild,0,
i checked my calendar and today is 'text rae day' the rest of them are probably coming later no need to feel weird all normal,0,
"Did you all talk about the weather
",0,
Ex definitely texting you to leave him the f alone,3d,
Is this the jungle hair ex? 😂,0,
It's like two paths of temptation presenting themselves,0,
"Those are going on a vacation and leaving the internet words. 
Vlog the vacation away from stream. Spend time and go be an Aunty. Dont test the omen.",0,
Lol life is full of synchronicities. Its all about how we take them in,0,
Wait but.... who messaged first? 😂,0,
"What a crazy coincidence!! Also, weird that a therapist you haven't spoken to in 5 years messaged you. That's more strange than the ex tbh. Good luck Rae!! Will be a good topic for the next Wine About It episode tho",0,
Still… ex + therapist in the same hour is kind of a plot twist 😂,0,
All i will say is an ex is an ex for a reason look forward not back,0,
They wanted to congratulate you on the mario party win,0,
"This could be a good topic to discuss on your podcast Rae lol 🤭",0,
They are obviously working together and you should not touch that with a 10 foot pole,0,
this kind of thing happens to me a lot I feel and it's always people who had no way of interacting with each other,0,
Nah you should definitely block those. Why would those people be messaging you out of nowhere? You’re probably better off ignoring that,0,
"Is it the ex that said you have great jungle hair 😵‍💫",0,
One contradicts the other since I’m sure the therapist heard about the ex. Don’t fall for the trap and listen to either of them. “New phone who this”vibes,0,
They seen the Master Baker clips lmao.,0,
"LoL 
@Valkyrae
, how come you got messages from your ex and therapist, just soo happend to both messaged you today, that's such a coincidence 😶🫥😹
All jokes aside, i hope that you are carefull with whom you will respond (and i ain't talking about therapist) ☀️🌼🌻
#Valkyrae",0,
"The therapist felt a disturbance in the force when your ex messaged you. 😅🤣",0,
"Damn, ur ex is seeing ur therapist and they brought you up in session.",0,
Hes been working with your therapist 😂,0,
Could be a good omen 👀✨,0,
"Nah, you'll gain a good story from this in a year or two",0,
An ex probably wants money or hanging of your fame....but a therapist....most suspicious,0,
"Them mfs def have motives...  I know it, I just cant prove it",0,
i had it happen last year. two friends i hadn’t talked to in years messaged the same week. one showed why they were meant to be gone. the other is still my friend now.,0,
Reply only to your therapist please 🤣❤️🫶🏻,0,
I had something like that happen to me yesterday am I cursed too? 😂,0,
they're in cahoots,0,
"It's just a reminder of the past, good or bad, but a way to remember how much better off you are.",0,
"They both saw the clip with your cheeks out.  One wanted to get back in, the other is making sure you're not traumatized xD",2b,
now I wanna know what possible reason a therapist would have to message you after 5 years. 😭,0,
Recommend the therapist to the ex so they can talk to each other and leave you alone lol,0,
"That’s not a bad omen, that’s the universe giving you the poison and the antidote at the same time...",0,
Depends on which one you answer first.,0,
Or a good omen if you look at it in the way that you didnt need them for the past 5 years alreadt,0,
didn't you close up with your exes? why would you still let them text you?,0,
"Universe really said let’s run it back but make it awkward😭 
ex and therapist in the same hour is crazy",0,
Look im sorry i texted you. You didnt need to post it all over social media Rea... its not that serious. Next time I'll double check with your boyfriends boyfriend first. Jesus..,"3a, 3b",
Dont reply. Think they spoke about you before they decide to pop a message across,0,
"Uh-oh, GoogleDoc incoming, all about valyrae cheating on Hasan with her ex - encouraged by the therapist  💩💀😂",0,
"Universe sent the fire and the fire extinguisher in the same hour, what you do next is entirely up to you.",0,
"what are the chances of your ex took your old therapist?",0,
"Do you really think anyone gives a shit? You are getting old, your posts come across as Facebook mom posts now.","3g, 3b, 3c",
"timing is everything i guess. had similar stuff happen before where it feels like the universe is trying to tell me something

my ex reached out after 2 years and it was just a huge mess

anyway, been thinking about how these kinds of coincidences can be pretty thought-provoking - my DMs are always open if u'd like to chat about the weirdness of life sometime

but no pressure, just found it interesting that you brought this up now",0,
"Your cheeks were out the other day, you already know what their intentions are","3g, 2b",
"Ex and therapist same hour after 5 years? The universe is cooking up a plot twist  Run or record the episode?",0,
Was about to say oh wow 5 years but then i realized u pushing 40,"3g, 3b, 3c",
Maybe that was realized what he lost… and wants to make amends. Or maybe you know your like 43 valk it could be time to settle down and do a family,3b,
"One to reopen things, one to help you process it… interesting timing💀",0,
some shit abt to go down,0,
"That's the universe's way of saying ""time to close those tabs for good.""  Hope it leads to some good laughs (and solid podcast material) rather than drama!",0,
"No, don't feel so, look deep into the supernatural and you will understand something great",0,
Crazy lol,0,
Your ex and a therapist in the same hour? Universe said handle your business immediately.,0,
"Universe said: ‘Here’s your past trauma… and the solution in the same hour’ 😂
Therapist first, ex on do not disturb. Protect your peace queen!",0,
"The nice part is if any guy tells you to go back into the kitchen, you have proof why that's a bad idea!",0,https://x.com/Valkyrae/status/2044929045394289112
"That’s not quirky or cute, it’s just sad privileged incompetence. Stop turning basic fails into content for clout and get some actual life skills, girl 😇","3a, 3b",
u had salt and a dream 😭😭😭,0,
there was a little bit of ice cream in the salt,0,
the whole stream i was screaming at you to put the salt down,0,
The fact you put that much salt is crazy lmao,0,
Also u forgot to end stream it was on for like 10minutes😭,0,
"Maaaaaybe taste as you go from now on lol",0,
"Chat, is this what a true girlfailure is?🤔","3a, 3b",
The way Rage was copying u the whole time but had no idea what u were doing😂,0,
Omg what is up with all the comments. I've never really checked rae's comments just liked and scrolled kinda deal. I know lots of drama rn but some of y'all are weird and demanding af. Go outside and leave the phone at home.,0,
It’s only day 1 keep trying 👍🏻🫣😂,0,
Nobody said the main character had to be the good guy. Sometimes there is a twist and the main character is a bad ass villian and all around them fall as they walk away unscathed.,99,
Lol. Really appreciate you trying something out of your realm and comfort zone 👏👏👏 not a easy thing to do,0,
"Nothing lessons can't fix or a personal chef🙂 ⚡️✌🏼",0,
"@qtcinderella
 new content idea: teach rae how to cook/bake.",0,
I just loved the way you refused to taste anything lmao,0,
it’s the only way to nerf you queen otherwise you’d be too powerful,0,
At least you learned that salt doesn't go IN ice cream...,0,
"Seems your honest opinions and humor hurts ppl too.

Don't let them change you.",0,
"Hey you tried lol. If it makes you feel better it seems like the judges were hurt by everyones cookies.",0,
Pushing 40 but crashing out on X lmao,"3a, 3b, 3c",
you should be banned from twitch/youtube,1,
34 year old woman who cant cook or bake 🥀,"3a, 3b",
"But it was comedy and it's like revenge against the pod prank with Slime lol. So funny!",0,
I got my certificate as a chef lemme cook something for you! 💯,0,
I'm sure they're fiiiiineeeeee!,0,
"King of the Pirates Ocean Sea Ice Cream. Contains One Piece of sugar and a cup of salt. It was just thematic, judges didnt get it.",0,
Caroline had to pull out the government name with how bad it was lol,0,
I’d cook for you you don’t need to be in the kitchen that’s my area I love cooking it’s my favorite thing to do!!!!! Whatever you want for dinner breakfast or lunch I gotchu….😉,0,
HAD ME LAUGHING THE WHOLE TIME THEY TASTED THE ICECREAM 😂,0,
didnt help that you didnt taste as you go. gg go next though. you got this,0,
You already know that Anways good day streamer,0,
the whole chat was praying you’d taste the icecream and redo it 😭😭🫶🏻 taste things as you go!!!!! excited for the rest of the competition LOL,0,
"It's fine Rae, their palates weren't refined enough to taste your genius 💖",0,
"You know, a chef once told me, “Some people are cooks and some people are arsonists.”  Lol.",0,
Learning experience Rae! Tomorrow will be way better,0,
"hahaha I knew you were getting confused with the old fashioned way of making ice cream using salt to keep it cooler lmao. Just remember the phrase ""a pinch of salt"" from now on",0,
Just the first step in learning how to cook! Don't give up! Everyone makes the too much salt mistake at least once(you're lucky if you only do it once),0,
"you're an innovator queen, sea salt ice cream sounds like a great idea",0,
You did great for not having a recipe and not baking on a regular basis except the extra salt in the ice cream lol! You’ll do better tomorrow!,0,
LMAOOO the whole time I was saying in my head. “Rae please taste the ice cream. Rae please taste the ice cream” 😂,0,
Just remember to taste as you go and you would have solved ur problems,0,
Is there a way to rewatch? 😩,0,
lmfao but honestly if you didnt use the salt tho you would get at least 3rd,0,
"Come back to the Philippines, Rae! I'll cook for you instead :)",0,
What did you to make them so mad?,0,
I had to go back and watch the Vod to see when you added the salt. I was flabbergasted but honestly it was worth seeing Qt react the way she did. Other than that you did pretty good.,0,
Youre pushing what age now? Act like it,"3b, 3g",
"If it was Adobo, you might have done well…",0,
You also proved you will never have children lol,3b,
And you think you’re going to get married when you can’t cook,3b,
"you should spend more time in the kitchen, along with several instructors/ chefs. practicing how to cook is never a bad thing",0,
So happy you can afford a chef or endless DoorDash 1 cup of salt is diabolical,0,
It was day one and you can only get better and learn. Nobody is magically good at first.,0,
"The salt and sugar does look similar",0,
You tried your best and that's all that matters 🧡,0,
"i'm watching the vod, it seems like you had so much fun lmaooo",0,
"You had the right ingredients...
And then you had a bucket of salt 😅

But hey, not 0 points, woo!!! 😂",0,
To be fair....ice creaming isn't baking.  You'll get em tomorrow!,0,
"Quite the opposite, you needa log in more hours 💀💀💀",0,
auntie go play candy crush,3b,
oh my i dont want spoilers im going to pretend i didn't see this tweet and believe you did amazing,0,
as long as we keep you away from the salt i am sure its at least eddible,0,
Yea. That was crazyyyyy. DO IT AGAIN! 🤣,0,
This is an extremely problematic tweet rae,0,
"There's an exception to every rule, thats why i'm a chef.",0,
Food is a great way to connect but yeah you are a minted tastebuds terrorist.,0,
Learn how to cook Adobo first before going to kitchen. 😂😂😂😂😂,0,
Hasan must be asking you to cook 😅,0,
I think a factor for masterbaker is someone who shouldn’t be in the kitchen. 😅,0,
But it was entertaining as hell.,0,
At least you looked pretty and had great vibes 🤣,0,
Ummmm well according to the mujahideen that’s like literally the only place you’re allowed to be so 🤷‍♂️,"3b, 3e",
Its funny. And we hope you will learn to love cooking/baking in the future,0,
"Well, pretty much nobody can cook these days anymore, if that makes you feel better, you are not the only one.",0,
Lmfaoooo!! They're just salty,0,
U Tel A Woman 'U Can't Wed Her Cuz She Ain't Well Educated'.. U Tel A Woman 'Wit All Ur Education U Gonn' End Up In D Kitchen'.,99,
Cooking is a skill that i learned and practiced. You should learn just for yourself.,0,
"the tasting reactions was hilarious, good content.  you just didn't taste it at all. next time always keep tasting before and after oven",0,
Physically and Mentally 🤣🤣 they were fighting for Life,0,
"Bruh, the only salt to be used is in the water/ice in the machine to get everything to solidify quicker. lol",0,
Do I wanna know what happened? 😂 Or can someone link the clip,0,
You really said that you were in your villain era 🤣,0,
"You cook for looks, not taste",99,
We didnt need proof..... we all kinda assumed that 😆,0,
That proves you need MORE time in kitchen no ?,0,
You shouldn’t be online,1,
At least you didnt make salt ice cream this time,0,
Even the greatest mysogynist will not reply anymore that you should get back to the kitchen,0,
No you should be streaming and lovinv your life,0,
rae your xp bar is just too low 😹😹,0,
leave her alone ya'll she's just a dystopian gal living her life,0,
Stream marathon till you cook a good meal 😁,0,
Putting a cup of salt into ice cream was badass LMAO,0,
there is nothing wrong with men or women being proficient in the kitchen. the fact you make it seem like this is some point to prove shows how you actually lack anything outisde of that streamer persona mask you put on every day.,1,
I can't believe u added so much salt. I dont think I've ever seen a recipe ask for more than a spoon of salt lmao,0,
What did you do lol,0,
Not your fault. Keep at it.,0,
Do you like hurting people? Is that your jam? Does it put an evil 😈 smile on your face? Nice cover photo 😉,99,
"Fksfkfkslfdksnfmdksnx u and me",99,
"Megamind?..
",3,https://x.com/pokimanelol/status/2032552015172350095
Sup trick,0,
Almost 30 lol,3,
:/,0,
"Nice to see you,Granny",3,
You're like 35. Stop acting like a child,3,
hello,0,
What's up femoids,2,
get off the internet,1,
"i dont get all the hate ur getting but must be beccause ur doing something right, got a new follower!",0,
"Corny as always",1,
30 yrs old,3,
I only see Fernando Alonso,0,
You’re 30 pack it up grandma,3,
hiii,0,
Fuck off crow,3,
pedo,1,
Why are u so insufferable,1,
"I can see all the plastic and cement.
",3,
Grown ass woman pushing 30 btw,3,
You're 30,3,
Hey Poki why did you cut off over half of your forehead?,3,
Haiii pokiiii,0,
you got fat bro,3,
Okay when she does this is a lil adorable no cap,0,
Shitonof foundation,3,
Hello my wonderful queen,0,
Grow the fuck up,1,
"Makes me laugh when I see people still calling this ""twitter""",0,
You can’t be serious 🤣🤣🤣🤣,99,
drop poki emote plss 🐦,0,
Pushing 50s btw,3,
Your cringe af,1,
"What is your next scam you millionaire OF girl?
","2, 3",
"Time to beg your followers for more $$$
",3,
Oh look a 29 year old hag who wants to be CUTE,"2, 3",
At what point does this bullshit genuinely get concerning to yall. 32 years old posting like a 10 year old. Who genuinely watches this piece of shit,3,
Hey,0,
"You dedicated your life to twitch in the name of fame and money, and now you approach your 30's and begin to lose your eggs, you shall now live a life of disdain and regret and no amount of coping will save you from your online presence and its inevitable downfall as you grow old","2, 3",
hi,0,
Hello the head of streaming 😁,0,
SHE GOT A HUGE FOREHEAD 😂😂😂😂😂😂😂😂😂😂😂,3,
hello you,0,
Habibti pokimane,0,
unloaded so hard to this ✊💦,2,
Thankyou for cropping out your forehead so this didn’t take up my whole feed.  🤣,3,
"You will always be single
",1,
You are almost 30. WTF are you doing dawg,3,
30yo btw,3,
POKI PLEASE SENDME AN IPAD MINI JSVRIWBFIZBECJX,0,
Oh look its the cookie scammer girl,3,
fuckyou ugly hoe,2,
"Get the hell out my face fugly virtue signaling brainless tard
",3,
SUP MANE 🔥🔥🔥🔥🔥,0,
35 calling your bf your neighbor 😭😭,3,
We would feast on the rich with this one cause she chonky.,3,
Used goods,2,
Yes,0,
hello imane💗,0,
Hello x,0,
Hello to you 😁👋,0,
Pushing 30,3,
Hello miss poki,0,
oh hi i guess,0,
🤢,1,
so cute,0,
hi,0,
hello cutie,0,
Goofy 29 year old.,99,
Who does this get so many views? Who the hell are you lady?,0,
40 year old,3,
"Can you leave bro you too old
",1,
"Ur damn near a fucking grandma start a fucking family my nigga
","2, 3",
"""If your company is bankrupt just say so"" 🤣",1,
Can I we'll  look picture,99,
"@grok
 what’s in her eyes",3,
29,0,
Not danhausen.,99,
Yo poki WSSP GANG,0,
"YOU ARE A THIRTY YEAR OLD WOMEN ACT LIKE IT, this shit just embarrassing and downright pathetic 🤦🤡🤣🤣🤣",1,
Bruh that big ass forehead though 😂,3,
you got more people blocked than the people who really think ur a good content creator ngl,1,
My god you’re ugly 😂,3,
Como esta,0,
Hello poki,0,
Hey cutie 💙,0,
Hello fake af millionaire,1,
Grown ass,3,
"Your not cute, your a mid attention seeking whore, looks like the wall hit you pretty hard.","2, 3",
Fuck of you filthy piece of dog shit,3,
Ugly bitch. You’re as fake as they come,3,
Not sure why im even seeing this. No clue who it is or why.,0,
A 30yo grown ass woman btw,3,
it's called X,3,
"@permachilled
 ce plm😭✋🏻",99,
that's a nice necklace,0,
Hi,0,
Ugly ass bitch,"2, 3",
pushing 30,3,
"people sub and donate to this chick 💀",3,
Trying to appeal to the PDF community?,"2, 3",
Hey mama,0,https://x.com/pokimanelol/status/2043456411896811996
i love the juxtaposition of the flower earring & the edgy necklace lmao,0,
"she looks so old and chopped, literally no ass or chest. You simps gave this talentless dork hype btw","2, 3",
That cookie company money came in clutch huh.,1,
Looks like she ate too many of those overpriced cookies she was scamming her fans to buy,3,
I remember when you didn’t sexualize yourself cause you have value. I guess that went out the door when you got old lol,"2, 3",
Im so gay 😭,0,
the dress !!!!!! 🤍,0,
i love the juxtaposition of the flower earring & the edgy necklace lmao,0,
I'm only here to see the simp losers goon to Phonymane.,3,
"Aww stop, you’re so effortlessly pretty it hurts",0,
"Why tf did y'all make this bint as rich as she is? Absolutely nothing special, mid af. Btw walking around dressed like this at 30??? Pathetic","2, 3",
idk how you do it every time but your makeup is always perfect 🙂‍↕️,0,
You low-key cute asf pokimane 😘,0,
W granny. Keep showing these young girls how the older generation gets down,3,
"i am a victim of seeing this hoe, how do you plan on making things right?",2,
How many times did the wind blowover your glasses?,0,
"In other words, I have nothing to offer so come look at me wearing almost nothing","2, 3",
This ain't even cute.  U look like you're wearing a broken Chandelier out of the garbage dump,3,
Gorgeous,0,
😍🔥,0,
Ignore what all of these haters are saying.  You look amazing for a woman gracefully aging into her mid 40s,3,
"We hope for pictures of helping the poor or doing some sort of charity work for multi millionaire influencers…

What do we get? Coachella pictures..

These people spend thousands each year to party, we need new role models",0,
Gorgeous Poki 😍,0,
Damn all that money just to look mid af,3,
Cool outfit Poki! ✨You’re glowing! Hope you had a wonderful Coachella weekend so far! ☀️,0,
Are you at a golf course ⛳️,0,
green fits you a lot!!,0,
the dress looks so good on you 😭♥️,0,
"Who cares??? I'd say go touch that grass, but it's fake just like you are. I thought I unfollowed you months ago. Now I have 🤣🫡",3,
"Gorl, this landscaping is giving depression",0,
weren't you saying you are muslim and all that like last week? lmao,1,
"I love the sky and I love this look 🧡",0,
"still single, we know",1,
the dress looks so good on you ♥️,0,
Who took the photo?,0,
"@grok
 can you remove the objext in the way of the beautiful background",2,
Absolutely stunning as always 🔥.,0,
"""Dont objectify me"" and this posts shit like this. Youre the full definition of a fuckin retard.","2, 3",
Cute. Too bad you're oh so picky.,3,
Is it like a vegas cosplay? I think you look cute in a cowboy hat (not sexually. I don't see you that way.) Like I could see myself buying you takoyaki at the cherry blossom festival in San Francisco.,0,
do you have any talent whatsoever? or is your only value goon baiting young boys? do you sleep well at night?,3,
People think pokimane is hot btw lmao,3,
"quiet day, presence loud",0,
am I late or did she go to Coachella?,0,
"This is a grown ass 30 year old btw",3,
the FaZe CS team is disbanding can you tell Kaysan to fix this situation.,0,
CUTIE,0,
Who is she ? You??,0,
"@grok
 let her wear clothes",3,
I need serous relationship 🌹,0,
Hey Poki!,0,
You look good,0,
Gorgeous,0,
chopped and muslim ewww,3,
🤢🤢🤢🤢🤮,1,
I wanna get ur Fortnite emote but it’s not in the shop,0,
Beautiful sky,0,
Very cool dress,0,
sykkuno son,99,
k,0,
"pushing 40 still no family",3,
Nice,0,
So...??,0,
Nice Pic 👁️C🫵,0,
5,3,
Snaky ass hoe,"2, 3",
Looking good 😌,0,
You look amazing 🤩,0,
🔥👸🏻✨🤎🔥,0,
"You're as beautiful as an oil painting, it's simply unreasonable!😍",0,
Where's the BF?,0,
It's crazy because the background feels like it's a painting.,0,
Start a family,3,
Oh 👀,0,
My fav racist queen,1,
My friend cheated. So here's my ass.,0,
Hi,0,
Good looking,0,
Goonbaiting queen,"2, 3",
MID 4.5/10,"2, 3",
Beautiful look at  smile,0,
How old is she?,0,
clock's ticking,3,
You are stunning,0,
in her 30s btw,3,
Good tech,0,
“disappointed but not surprised” girl ur racist af shut the hell up,1,
Shut up cockroach.,3,
Slut pushing 40,"2, 3",
5/10 in LA,"2, 3",
that's nice :),0,
why show up with that trash ass outfit,1,
"the juxtaposition the juxtaposition",99,
Pokie,0,
this gave me explosive diarrhea,0,
bg looks like a set,0,
You look like a whore,2,
You look so good,0,
hey dear,0,
its nice to go outside,0,